{
  "comment": "pCrit <3#4749",
  "parent": "item/generated",
  "textures": {
    "layer0": "minecraft:item/totem_of_undying"
  },  
  "display": {
        "ground": {
            "rotation": [ 0, 0, 0 ],
            "translation": [ 0, 2, 0],
            "scale":[ 0.5, 0.5, 0.5 ]
        },
        "thirdperson_righthand": {
            "rotation": [ 0, 0, 0 ],
            "translation": [ 0, 3, 1 ],
            "scale": [ 0.5, 0.5, 0.5 ]
        },
        "fixed": {
            "rotation": [ 60, 200, 80 ],
            "translation": [ 0, -4, 0 ],
            "scale": [ 0.3, 0.3, 0.3 ]
        }
  }
}